{"branches": 96.75925925925925, "coverage": 94.37665782493369}