{"branches": 88.21138211382113, "coverage": 91.97982345523329}