{"branches": 89.02439024390245, "coverage": 92.23835753630446}