{"branches": 97.19626168224299, "coverage": 94.49028480170348}