{"branches": 89.34426229508196, "coverage": 92.3386083898518}