{"branches": 90.08620689655173, "coverage": 92.81062776764783}