{"branches": 89.49579831932773, "coverage": 92.6923076923077}